Model,RMSE,MAE,R2
Lasso,22455.163840809546,13935.754264791936,0.9342616768182388
Ridge,22692.90706760208,14612.05470886438,0.9328623037314505
LinearRegression,22751.208972408953,14640.454250683459,0.9325168844551602
XGBoost,26767.525846757824,16417.831081442644,0.9065880093488744
RandomForest,29164.24891823797,17333.25844894641,0.8891111809341339
