model,train_rmse,val_rmse,val_mae,val_r2
Ridge,0.09371711116973527,0.12379776013268112,0.08461825875688654,0.9178725458251514
Linear Regression,0.0893850332989392,0.124952864133667,0.08531387365722969,0.9163328034792675
Gradient Boosting,0.07610820035443525,0.13495145726617513,0.09180544028080663,0.9024071628580678
LightGBM,0.04201225010019154,0.13755344738855999,0.0926190357614988,0.8986075202133649
Random Forest,0.053363214306117714,0.14469591432330375,0.0987444034172623,0.887804529732353
XGBoost,0.007925329405885745,0.1471586040793869,0.09783291486411869,0.8839529498325231
Lasso,0.21454492439156586,0.23491848574010107,0.1651206042406271,0.7042687820278453
