model,set,rmse,mae,r2,mape
Ridge,Training,0.10045643146943944,0.0686650417871125,0.9367107737481617,7.021890835386943
Ridge Tuned,Training,0.09999985096066309,0.06793995467345723,0.9372847730083049,6.944609145161087
Gradient Boosting,Training,0.09097442328811732,0.06312141322721473,0.9480945554037049,6.430992324527489
Gradient Boosting Tuned,Training,0.053457982715858124,0.03983838562206156,0.9820774654805995,4.012281077009978
Lightgbm,Training,0.0720847661054699,0.03929498033234989,0.9674117319183158,4.036750074748639
Lightgbm Tuned,Training,0.07166376639143641,0.05000844676071342,0.9677912736315284,5.062224981835084
